Age,Annual_Income_LPA,Policy_Term_Years,Sum_Assured_Lakhs
1.3823530826921187,1.552228000232531,-1.2247448713915892,1.041161079488963
-1.169683377662562,-1.1253653001685848,0.408248290463863,-1.1316968255314817
